,Model,F-regression,Mutual Information,Lasso
GradientBoostingRegressor,0.8506074888804797,0.8291021073500634,0.8288171970680395,0.8141453024608145
DecisionTreeRegressor,0.789209362307846,0.766876375811843,0.7287195517312345,0.719331383315934
ElasticNet,0.757739592312746,0.6824633988955148,0.6442615070345532,0.6910295352133033
AdaBoostRegressor,0.8366242144056534,0.8279882302020698,0.8053945145449973,0.8084491711969894
Lars,0.6246587685865035,0.6371041265242094,0.5478439486144211,0.6390036770432505
Lasso,0.7430239067764708,0.7099730727735664,0.6364553668378294,0.7446498829384659
RandomForestRegressor,0.8412564767749475,0.8277010063451883,0.8232324021000924,0.8095854156357807
