,Model,F-regression,Mutual Information,Lasso
GradientBoostingRegressor,0.763210863102282,0.7685623793956902,0.7611757969114641,0.6946602981085735
DecisionTreeRegressor,0.6899229420852625,0.6738579216255655,0.669251526052702,0.5985098429599504
ElasticNet,0.688552254613548,0.68617507473896,0.6846095552961596,0.6318205482809539
AdaBoostRegressor,0.7672126290441718,0.7653598637977223,0.7566416772596383,0.7077807437815001
Lars,0.6959444983489554,0.6992301799982786,0.5960017199698048,0.6247363139284842
Lasso,0.6606138085628117,0.6588192172432751,0.6588192302427839,0.6192461019104579
RandomForestRegressor,0.7556226160352164,0.7570909296157504,0.7489434239792434,0.7095306220847727
