,Model,F-regression,Mutual Information,Lasso
GradientBoostingRegressor,0.8491981249594324,0.8386293876510003,0.8373581801305013,0.8103952665977706
DecisionTreeRegressor,0.7858503241935972,0.7808234349169146,0.7458762410606935,0.690495777131563
ElasticNet,0.761634839769464,0.7239091920261603,0.7230160475451552,0.6501069073658444
AdaBoostRegressor,0.8528606202924248,0.8395451717388688,0.8281277760492074,0.8102154366024283
Lars,0.7353507875156686,0.7095896311131357,0.7131626872345277,0.6438533829526151
Lasso,0.7502134297959606,0.73538336789086,0.71608271138869,0.6949003857589514
RandomForestRegressor,0.8514081206783636,0.8395305371700514,0.8342786321054617,0.8093360770617627
