,Model,F-regression,Mutual Information,Lasso
GradientBoostingRegressor,0.8132047086683,0.8154315298839002,0.8148441659379438,0.7448681553787605
DecisionTreeRegressor,0.7300902933083725,0.7130003937951092,0.7373452702747209,0.6511265740904201
ElasticNet,0.6909027433419439,0.678150442320308,0.678150348342108,0.557435032831794
AdaBoostRegressor,0.8141019147179063,0.8140951514417921,0.8137308722782345,0.719268748448787
Lars,0.663234363533672,0.6437241883489783,0.6430097658373956,0.5877934317760057
Lasso,0.6941393890007047,0.6843467428286929,0.6843463201963801,0.5825881136729971
RandomForestRegressor,0.8132227486044569,0.8151534536481245,0.8118292535516259,0.7238400152851704
